lat,log,title
-33.230777943273516,-63.91634295385665,GVYMxa
-33.475836459499256,-64.26895426460072,NOMoOk
-32.88052372575249,-63.97034650066451,xNlfCu
-32.94846464539304,-64.19236529452259,UoKhiw
-33.32436221585861,-64.47251235566395,cBFkHD
-33.31902679445161,-64.10119026311511,FAaxXR
-32.93690532419362,-63.9723159836419,wdaxik
-33.01869594741772,-64.26397356895913,Gsjkcq
-33.02963469047338,-64.90062386093382,ejqVmH
-33.403373953204344,-63.9849583425257,TBzEIz
-32.57272801460136,-64.18749949898924,nenQQd
-32.83413882318528,-63.94653249936773,VAXHEF
-32.83386800003327,-64.26696148336231,aWtdSE
-33.20621261702104,-64.06982387650619,aPJsQw
-33.10464361013747,-64.54428835826651,dIHocH
-33.24140367716137,-63.969757928440266,ENbSBO
-32.788808651846985,-64.18962135306491,ffOENl
-33.00966198965341,-64.15657636650981,cadtVo
-33.23849324506477,-64.57199091879372,HHpgYx
-33.050907124714335,-64.54680704361577,irBSra
